country,year,pop,continent,lifeExp,gdpPercap
Myanmar,1962,23634436.0,Asia,45.108,388.0
Ireland,1957,2878220.0,Europe,68.9,5599.077872
Jamaica,1977,2156814.0,Americas,70.11,6650.195573
Cote d'Ivoire,1987,10761098.0,Africa,54.655,2156.956069
Morocco,1997,28529501.0,Africa,67.66,2982.101858
Vietnam,1972,44655014.0,Asia,50.254,699.5016441
Central African Republic,1987,2840009.0,Africa,50.485,844.8763504
Taiwan,1997,21628605.0,Asia,75.25,20206.82098
Ethiopia,2002,67946797.0,Africa,50.725,530.0535319
Poland,1977,34621254.0,Europe,70.67,9508.141454
Albania,2007,3600523.0,Europe,76.423,5937.029526
Germany,1982,78335266.0,Europe,73.8,22031.53274
Belgium,1987,9870200.0,Europe,75.35,22525.56308
Madagascar,1962,5703324.0,Africa,40.848,1643.38711
Costa Rica,1972,1834796.0,Americas,67.849,5118.146939
Greece,2007,10706290.0,Europe,79.483,27538.41188
Guinea,1992,6990574.0,Africa,48.576,794.3484384
Jordan,1982,2347031.0,Asia,63.739,4161.415959
Cameroon,1997,14195809.0,Africa,52.199,1694.337469
Nepal,2002,25873917.0,Asia,61.34,1057.206311
Taiwan,1987,19757799.0,Asia,73.4,11054.56175
France,1962,47124000.0,Europe,70.51,10560.48553
Tunisia,1997,9231669.0,Africa,71.973,4876.798614
Malaysia,1972,11441462.0,Asia,63.01,2849.09478
Djibouti,1997,417908.0,Africa,53.157,1895.016984
Bulgaria,1977,8797022.0,Europe,70.81,7612.240438
Austria,1982,7574613.0,Europe,73.18,21597.08362
Comoros,1972,250027.0,Africa,48.944,1937.577675
Mongolia,1997,2494803.0,Asia,63.625,1902.2521
Costa Rica,1967,1588717.0,Americas,65.424,4161.727834
Paraguay,1997,5154123.0,Americas,69.4,4247.400261
Swaziland,1952,290243.0,Africa,41.407,1148.376626
Sri Lanka,1987,16495304.0,Asia,69.011,1876.766827
Cameroon,2007,17696293.0,Africa,50.43,2042.09524
Chad,1987,5498955.0,Africa,51.051,952.386129
Guinea-Bissau,1987,927524.0,Africa,41.245,736.4153921
Mongolia,1977,1528000.0,Asia,55.491,1647.511665
Senegal,1967,3965841.0,Africa,43.563,1612.404632
Guinea,1987,5650262.0,Africa,45.552,805.5724718
Sri Lanka,1977,14116836.0,Asia,65.949,1348.775651
India,2007,1110396331.0,Asia,64.698,2452.210407
Australia,2002,19546792.0,Oceania,80.37,30687.75473
Bulgaria,1992,8658506.0,Europe,71.19,6302.623438
Ghana,1997,18418288.0,Africa,58.556,1005.245812
Ecuador,1997,11911819.0,Americas,72.312,7429.455877
New Zealand,1972,2929100.0,Oceania,71.89,16046.03728
Niger,1962,4076008.0,Africa,39.487,997.7661127
Colombia,1952,12350771.0,Americas,50.643,2144.115096
Guinea-Bissau,1977,745228.0,Africa,37.465,764.7259628
South Africa,1957,16151549.0,Africa,47.985,5487.104219
Ghana,1952,5581001.0,Africa,43.149,911.2989371
United Kingdom,1992,57866349.0,Europe,76.42,22705.09254
Jamaica,1987,2326606.0,Americas,71.77,6351.237495
Zambia,1962,3421000.0,Africa,46.023,1452.725766
Djibouti,1952,63149.0,Africa,34.812,2669.529475
Denmark,1967,4838800.0,Europe,72.96,15937.21123
Chad,2007,10238807.0,Africa,50.651,1704.063724
Argentina,1957,19610538.0,Americas,64.399,6856.856212
Peru,2007,28674757.0,Americas,71.421,7408.905561
Cuba,2002,11226999.0,Americas,77.158,6340.646683
Brazil,1977,114313951.0,Americas,61.489,6660.118654
Egypt,1982,45681811.0,Africa,56.006,3503.729636
"Yemen, Rep.",1967,6740785.0,Asia,36.984,862.4421463
Finland,1962,4491443.0,Europe,68.75,9371.842561
Tunisia,1982,6734098.0,Africa,64.048,3560.233174
Norway,1977,4043205.0,Europe,75.37,23311.34939
Bolivia,1967,4040665.0,Americas,45.032,2586.886053
Madagascar,2007,19167654.0,Africa,59.443,1044.770126
Kenya,1962,8678557.0,Africa,47.949,896.9663732
Australia,1997,18565243.0,Oceania,78.83,26997.93657
Paraguay,1957,1770902.0,Americas,63.196,2046.154706
Togo,1987,3154264.0,Africa,56.941,1202.201361
Uruguay,2007,3447496.0,Americas,76.384,10611.46299
India,2002,1034172547.0,Asia,62.879,1746.769454
"Congo, Dem. Rep.",1952,14100005.0,Africa,39.143,780.5423257
Madagascar,1977,8007166.0,Africa,46.881,1544.228586
Lebanon,1952,1439529.0,Asia,55.928,4834.804067
Australia,1977,14074100.0,Oceania,73.49,18334.19751
Swaziland,1997,1054486.0,Africa,54.289,3876.76846
Tunisia,1987,7724976.0,Africa,66.894,3810.419296
Israel,1992,4936550.0,Asia,76.93,18051.52254
Zimbabwe,1987,9216418.0,Africa,62.351,706.1573059
Malaysia,1967,10154878.0,Asia,59.371,2277.742396
Panama,1952,940080.0,Americas,55.191,2480.380334
Hungary,1992,10348684.0,Europe,69.17,10535.62855
South Africa,1992,39964159.0,Africa,61.888,7225.069258
Algeria,1977,17152804.0,Africa,58.014,4910.416756
Poland,1997,38654957.0,Europe,72.75,10159.58368
Israel,1967,2693585.0,Asia,70.75,8393.741404
"Congo, Rep.",1992,2409073.0,Africa,56.433,4016.239529
Sao Tome and Principe,1997,145608.0,Africa,63.306,1339.076036
Guatemala,2007,12572928.0,Americas,70.259,5186.050003
Algeria,1982,20033753.0,Africa,61.368,5745.160213
Denmark,1952,4334000.0,Europe,70.78,9692.385245
Greece,2002,10603863.0,Europe,78.256,22514.2548
Nicaragua,1957,1358828.0,Americas,45.432,3457.415947
China,1957,637408000.0,Asia,50.54896,575.9870009
Syria,1952,3661549.0,Asia,45.883,1643.485354
Poland,1987,37740710.0,Europe,70.98,9082.351172
Switzerland,1957,5126000.0,Europe,70.56,17909.48973
Kenya,1972,12044785.0,Africa,53.559,1222.359968
Bangladesh,1967,62821884.0,Asia,43.453,721.1860862
"Congo, Dem. Rep.",1992,41672143.0,Africa,45.548,457.7191807
Malaysia,1987,16331785.0,Asia,69.5,5249.802653
Reunion,1977,492095.0,Africa,67.064,4319.804067
Pakistan,1957,46679944.0,Asia,45.557,747.0835292
Romania,1997,22562458.0,Europe,69.72,7346.547557
Greece,1962,8448233.0,Europe,69.51,6017.190733
Niger,1952,3379468.0,Africa,37.444,761.879376
Czech Republic,1997,10300707.0,Europe,74.01,16048.51424
Mexico,1997,95895146.0,Americas,73.67,9767.29753
"Hong Kong, China",1952,2125900.0,Asia,60.96,3054.421209
France,1957,44310863.0,Europe,68.93,8662.834898
Tanzania,1972,14706593.0,Africa,47.62,915.9850592
Rwanda,1982,5507565.0,Africa,46.218,881.5706467
France,1982,54433565.0,Europe,74.89,20293.89746
Burkina Faso,2007,14326203.0,Africa,52.295,1217.032994
Equatorial Guinea,1982,285483.0,Africa,43.662,927.8253427
Algeria,1992,26298373.0,Africa,67.744,5023.216647
Denmark,1987,5127024.0,Europe,74.8,25116.17581
"Congo, Rep.",1967,1179760.0,Africa,52.04,2677.939642
Switzerland,1987,6649942.0,Europe,77.41,30281.70459
Finland,1982,4826933.0,Europe,74.55,18533.15761
Gambia,1977,608274.0,Africa,41.842,884.7552507
Italy,2002,57926999.0,Europe,80.24,27968.09817
"Korea, Rep.",1977,36436000.0,Asia,64.766,4657.22102
Croatia,1962,4076557.0,Europe,67.13,5477.890018
Netherlands,1972,13329874.0,Europe,73.75,18794.74567
Ghana,1987,14168101.0,Africa,55.729,847.0061135
Dominican Republic,1957,2923186.0,Americas,49.828,1544.402995
Taiwan,1977,16785196.0,Asia,70.59,5596.519826
Angola,1992,8735988.0,Africa,40.647,2627.845685
Jordan,1987,2820042.0,Asia,65.869,4448.679912
Finland,2007,5238460.0,Europe,79.313,33207.0844
France,1987,55630100.0,Europe,76.34,22066.44214
Kenya,1957,7454779.0,Africa,44.686,944.4383152
Argentina,2007,40301927.0,Americas,75.32,12779.37964
Burundi,1992,5809236.0,Africa,44.736,631.6998778
Iran,1972,30614000.0,Asia,55.234,9613.818607
Costa Rica,1977,2108457.0,Americas,70.75,5926.876967
Togo,1992,3747553.0,Africa,58.061,1034.298904
Slovak Republic,1987,5199318.0,Europe,71.08,12037.26758
Uganda,1987,15283050.0,Africa,51.509,617.7244065
Iran,1952,17272000.0,Asia,44.869,3035.326002
Syria,1957,4149908.0,Asia,48.284,2117.234893
Mali,1962,4690372.0,Africa,36.936,496.1743428
Djibouti,1982,305991.0,Africa,48.812,2879.468067
Italy,1982,56535636.0,Europe,74.98,16537.4835
Czech Republic,1962,9620282.0,Europe,69.9,10136.86713
Costa Rica,1962,1345187.0,Americas,62.842,3460.937025
Sao Tome and Principe,1952,60011.0,Africa,46.471,879.5835855
Burundi,1982,4580410.0,Africa,47.471,559.603231
Netherlands,1997,15604464.0,Europe,78.03,30246.13063
Morocco,1982,20198730.0,Africa,59.65,2702.620356
Rwanda,1957,2822082.0,Africa,41.5,540.2893983
Saudi Arabia,1982,11254672.0,Asia,63.012,33693.17525
Portugal,1957,8817650.0,Europe,61.51,3774.571743
Singapore,1962,1750200.0,Asia,65.798,3674.735572
Slovak Republic,1982,5048043.0,Europe,70.8,11348.54585
Guinea,1962,3140003.0,Africa,35.753,686.3736739
Morocco,1987,22987397.0,Africa,62.677,2755.046991
Benin,1972,2761407.0,Africa,47.014,1085.796879
Panama,1962,1215725.0,Americas,61.817,3536.540301
Indonesia,1967,109343000.0,Asia,45.964,762.4317721
Peru,1962,10516500.0,Americas,49.096,4957.037982
Iceland,2002,288030.0,Europe,80.5,31163.20196
West Bank and Gaza,1977,1261091.0,Asia,60.765,3682.831494
Dominican Republic,1987,6655297.0,Americas,66.046,2899.842175
Saudi Arabia,1987,14619745.0,Asia,66.295,21198.26136
Botswana,1982,970347.0,Africa,61.484,4551.14215
Sweden,1952,7124673.0,Europe,71.86,8527.844662
Jordan,1962,933559.0,Asia,48.126,2348.009158
Croatia,1997,4444595.0,Europe,73.68,9875.604515
Norway,1982,4114787.0,Europe,75.97,26298.63531
Sudan,2002,37090298.0,Africa,56.369,1993.398314
Mauritania,1982,1622136.0,Africa,53.599,1481.150189
Central African Republic,1997,3696513.0,Africa,46.066,740.5063317
Iraq,1972,10061506.0,Asia,56.95,9576.037596
Serbia,1982,9032824.0,Europe,70.162,15181.0927
Equatorial Guinea,1977,192675.0,Africa,42.024,958.5668124
Portugal,2007,10642836.0,Europe,78.098,20509.64777
Ireland,2002,3879155.0,Europe,77.783,34077.04939
Honduras,1967,2500689.0,Americas,50.924,2538.269358
Greece,1952,7733250.0,Europe,65.86,3530.690067
Brazil,1952,56602560.0,Americas,50.917,2108.944355
Gabon,1967,489004.0,Africa,44.598,8358.761987
Portugal,1967,9103000.0,Europe,66.6,6361.517993
Austria,1957,6965860.0,Europe,67.48,8842.59803
Belgium,1957,8989111.0,Europe,69.24,9714.960623
El Salvador,2002,6353681.0,Americas,70.734,5351.568666
United Kingdom,1977,56179000.0,Europe,72.76,17428.74846
Uruguay,1982,2953997.0,Americas,70.805,6920.223051
New Zealand,1962,2488550.0,Oceania,71.24,13175.678
Nigeria,1982,73039376.0,Africa,45.826,1576.97375
Mexico,1962,41121485.0,Americas,58.299,4581.609385
Switzerland,1952,4815000.0,Europe,69.62,14734.23275
Chad,1982,4875118.0,Africa,49.517,797.9081006
Argentina,1967,22934225.0,Americas,65.634,8052.953021
Nicaragua,1992,4017939.0,Americas,65.843,2170.151724
Honduras,1962,2090162.0,Americas,48.041,2291.156835
Austria,1972,7544201.0,Europe,70.63,16661.6256
South Africa,1967,20997321.0,Africa,51.927,7114.477971
Cote d'Ivoire,1977,7459574.0,Africa,52.374,2517.736547
Peru,1982,18125129.0,Americas,61.406,6434.501797
El Salvador,1967,3232927.0,Americas,55.855,4358.595393
Guinea,1957,2876726.0,Africa,34.558,576.2670245
Canada,1987,26549700.0,Americas,76.86,26626.51503
Peru,1977,15990099.0,Americas,58.447,6281.290855
Malaysia,1982,14441916.0,Asia,68.0,4920.355951
Benin,1967,2427334.0,Africa,44.885,1035.831411
Comoros,2002,614382.0,Africa,62.974,1075.811558
Malaysia,1962,8906385.0,Asia,55.737,2036.884944
Panama,2007,3242173.0,Americas,75.537,9809.185636
Italy,1997,57479469.0,Europe,78.82,24675.02446
Iran,1987,51889696.0,Asia,63.04,6642.881371
Reunion,1967,414024.0,Africa,60.542,4021.175739
Eritrea,1967,1820319.0,Africa,42.189,468.7949699
Canada,2007,33390141.0,Americas,80.653,36319.23501
Gambia,1967,439593.0,Africa,35.857,734.7829124
Venezuela,2002,24287670.0,Americas,72.766,8605.047831
Saudi Arabia,1977,8128505.0,Asia,58.69,34167.7626
Mauritania,1967,1230542.0,Africa,46.289,1421.145193
Libya,1977,2721783.0,Africa,57.442,21951.21176
Libya,1952,1019729.0,Africa,42.723,2387.54806
China,2002,1280400000.0,Asia,72.028,3119.280896
Venezuela,1992,20265563.0,Americas,71.15,10733.92631
Turkey,1997,63047647.0,Europe,68.835,6601.429915
Ecuador,1982,8365850.0,Americas,64.342,7213.791267
Hungary,1982,10705535.0,Europe,69.39,12545.99066
Australia,1987,16257249.0,Oceania,76.32,21888.88903
Libya,2002,5368585.0,Africa,72.737,9534.677467
Swaziland,1977,551425.0,Africa,52.537,3781.410618
Bolivia,1997,7693188.0,Americas,62.05,3326.143191
Croatia,2007,4493312.0,Europe,75.748,14619.22272
Vietnam,1997,76048996.0,Asia,70.672,1385.896769
Gambia,1992,1025384.0,Africa,52.644,665.6244126
Mauritania,1972,1332786.0,Africa,48.437,1586.851781
Uganda,1972,10190285.0,Africa,51.016,950.735869
Nigeria,1977,62209173.0,Africa,44.514,1981.951806
Gambia,1962,374020.0,Africa,33.896,599.650276
Singapore,2002,4197776.0,Asia,78.77,36023.1054
Serbia,1967,7971222.0,Europe,66.914,7991.707066
Dominican Republic,1982,5968349.0,Americas,63.727,2861.092386
Indonesia,1987,169276000.0,Asia,60.137,1748.356961
Lebanon,1957,1647412.0,Asia,59.489,6089.786934
Mexico,1972,55984294.0,Americas,62.361,6809.40669
Nepal,1982,15796314.0,Asia,49.594,718.3730947
Myanmar,1992,40546538.0,Asia,59.32,347.0
Colombia,1967,19764027.0,Americas,59.963,2678.729839
Bulgaria,1972,8576200.0,Europe,70.9,6597.494398
Sierra Leone,1972,2879013.0,Africa,35.4,1353.759762
Canada,1972,22284500.0,Americas,72.88,18970.57086
Oman,1977,1004533.0,Asia,57.367,11848.34392
Cambodia,1972,7450606.0,Asia,40.317,421.6240257
Canada,1952,14785584.0,Americas,68.75,11367.16112
Croatia,2002,4481020.0,Europe,74.876,11628.38895
Equatorial Guinea,1957,232922.0,Africa,35.983,426.0964081
Guinea,1977,4227026.0,Africa,40.762,874.6858643
China,1997,1230075000.0,Asia,70.426,2289.234136
Peru,1972,13954700.0,Americas,55.448,5937.827283
Malawi,1957,3221238.0,Africa,37.207,416.3698064
Zimbabwe,1957,3646340.0,Africa,50.469,518.7642681
Canada,2002,31902268.0,Americas,79.77,33328.96507
Portugal,1972,8970450.0,Europe,69.26,9022.247417
Niger,1957,3692184.0,Africa,38.598,835.5234025
Greece,1957,8096218.0,Europe,67.86,4916.299889
Oman,1997,2283635.0,Asia,72.499,19702.05581
United States,1977,220239000.0,Americas,73.38,24072.63213
France,2002,59925035.0,Europe,79.59,28926.03234
Slovenia,1957,1533070.0,Europe,67.85,5862.276629
United States,1992,256894189.0,Americas,76.09,32003.93224
South Africa,1962,18356657.0,Africa,49.951,5768.729717
Zimbabwe,1952,3080907.0,Africa,48.451,406.8841148
Myanmar,1967,25870271.0,Asia,49.379,349.0
Brazil,1962,76039390.0,Americas,55.665,3336.585802
India,1992,872000000.0,Asia,60.223,1164.406809
Namibia,2007,2055080.0,Africa,52.906,4811.060429
Ireland,1992,3557761.0,Europe,75.467,17558.81555
Israel,1952,1620914.0,Asia,65.39,4086.522128
Nicaragua,1967,1865490.0,Americas,51.884,4643.393534
Kenya,1967,10191512.0,Africa,50.654,1056.736457
Thailand,1977,44148285.0,Asia,62.494,1961.224635
Netherlands,1952,10381988.0,Europe,72.13,8941.571858
Paraguay,2002,5884491.0,Americas,70.755,3783.674243
Equatorial Guinea,1967,259864.0,Africa,38.987,915.5960025
Zimbabwe,1962,4277736.0,Africa,52.358,527.2721818
Egypt,1992,59402198.0,Africa,63.674,3794.755195
Brazil,1987,142938076.0,Americas,65.205,7807.095818
United States,1962,186538000.0,Americas,70.21,16173.14586
El Salvador,2007,6939688.0,Americas,71.878,5728.353514
Uruguay,1967,2748579.0,Americas,68.468,5444.61962
Mongolia,1957,882134.0,Asia,45.248,912.6626085
Israel,1997,5531387.0,Asia,78.269,20896.60924
Trinidad and Tobago,1952,662850.0,Americas,59.1,3023.271928
Cote d'Ivoire,2007,18013409.0,Africa,48.328,1544.750112
Burkina Faso,1982,6634596.0,Africa,48.122,807.1985855
Albania,1967,1984060.0,Europe,66.22,2760.196931
Chad,1957,2894855.0,Africa,39.881,1308.495577
Eritrea,1957,1542611.0,Africa,38.047,344.1618859
Zambia,1967,3900000.0,Africa,47.768,1777.077318
Myanmar,2007,47761980.0,Asia,62.069,944.0
Japan,1952,86459025.0,Asia,63.03,3216.956347
Niger,1972,5060262.0,Africa,40.546,954.2092363
Norway,1952,3327728.0,Europe,72.67,10095.42172
Mauritius,2002,1200206.0,Africa,71.954,9021.815894
"Congo, Dem. Rep.",1987,35481645.0,Africa,47.412,672.774812
Burkina Faso,1987,7586551.0,Africa,49.557,912.0631417
Reunion,1957,308700.0,Africa,55.09,2769.451844
Denmark,1977,5088419.0,Europe,74.69,20422.9015
United States,1997,272911760.0,Americas,76.81,35767.43303
Sweden,1957,7363802.0,Europe,72.49,9911.878226
Kenya,1952,6464046.0,Africa,42.27,853.540919
Guinea-Bissau,1972,625361.0,Africa,36.486,820.2245876
Nepal,2007,28901790.0,Asia,63.785,1091.359778
Guatemala,1957,3640876.0,Americas,44.142,2617.155967
Sudan,1997,32160729.0,Africa,55.373,1632.210764
Equatorial Guinea,1962,249220.0,Africa,37.485,582.8419714
Argentina,1992,33958947.0,Americas,71.868,9308.41871
Somalia,1967,3428839.0,Africa,38.977,1284.73318
Thailand,1982,48827160.0,Asia,64.597,2393.219781
Angola,1987,7874230.0,Africa,39.906,2430.208311
Bangladesh,1972,70759295.0,Asia,45.252,630.2336265
Chad,2002,8835739.0,Africa,50.525,1156.18186
Paraguay,1972,2614104.0,Americas,65.815,2523.337977
Bangladesh,1977,80428306.0,Asia,46.923,659.8772322
Indonesia,1972,121282000.0,Asia,49.203,1111.107907
Bangladesh,2007,150448339.0,Asia,64.062,1391.253792
Spain,1962,31158061.0,Europe,69.69,5693.843879
Zambia,1982,6100407.0,Africa,51.821,1408.678565
Eritrea,1977,2512642.0,Africa,44.535,505.7538077
Niger,1997,9666252.0,Africa,51.313,580.3052092
Montenegro,1957,442829.0,Europe,61.448,3682.259903
Greece,1967,8716441.0,Europe,71.0,8513.097016
Singapore,1972,2152400.0,Asia,69.521,8597.756202
Liberia,1972,1482628.0,Africa,42.614,803.0054535
Poland,2002,38625976.0,Europe,74.67,12002.23908
Benin,1992,4981671.0,Africa,53.919,1191.207681
Nepal,1977,13933198.0,Asia,46.748,694.1124398
Cote d'Ivoire,1982,9025951.0,Africa,53.983,2602.710169
"Congo, Rep.",1982,1774735.0,Africa,56.695,4879.507522
Spain,1957,29841614.0,Europe,66.66,4564.80241
Paraguay,1992,4483945.0,Americas,68.225,4196.411078
Djibouti,1962,89898.0,Africa,39.693,3020.989263
"Yemen, Rep.",1952,4963829.0,Asia,32.548,781.7175761
Germany,2007,82400996.0,Europe,79.406,32170.37442
Gabon,1992,985739.0,Africa,61.366,13522.15752
Gambia,1952,284320.0,Africa,30.0,485.2306591
Ethiopia,1962,25145372.0,Africa,40.059,419.4564161
Tanzania,1987,23040630.0,Africa,51.535,831.8220794
Mauritius,2007,1250882.0,Africa,72.801,10956.99112
Haiti,1957,3507701.0,Americas,40.696,1726.887882
Sao Tome and Principe,1962,65345.0,Africa,51.893,1071.551119
Panama,1967,1405486.0,Americas,64.071,4421.009084
Sweden,1982,8325260.0,Europe,76.42,20667.38125
Switzerland,2007,7554661.0,Europe,81.701,37506.41907
Malawi,1987,7824747.0,Africa,47.457,635.5173634
Libya,1972,2183877.0,Africa,52.773,21011.49721
Vietnam,1952,26246839.0,Asia,40.412,605.0664917
Senegal,1962,3430243.0,Africa,41.454,1654.988723
Cambodia,2002,12926707.0,Asia,56.752,896.2260153
Cameroon,1967,6335506.0,Africa,44.799,1508.453148
"Hong Kong, China",2002,6762476.0,Asia,81.495,30209.01516
Uruguay,2002,3363085.0,Americas,75.307,7727.002004
Germany,1967,76368453.0,Europe,70.8,14745.62561
Botswana,1987,1151184.0,Africa,63.622,6205.88385
Tanzania,1982,19844382.0,Africa,50.608,874.2426069
Greece,1977,9308479.0,Europe,73.68,14195.52428
Chad,1962,3150417.0,Africa,41.716,1389.817618
Bosnia and Herzegovina,1972,3819000.0,Europe,67.45,2860.16975
Denmark,1992,5171393.0,Europe,75.33,26406.73985
Sierra Leone,1987,3868905.0,Africa,40.006,1294.447788
France,1972,51732000.0,Europe,72.38,16107.19171
Guinea,1982,4710497.0,Africa,42.891,857.2503577
Sierra Leone,1952,2143249.0,Africa,30.331,879.7877358
Colombia,1982,27764644.0,Americas,66.653,4397.575659
Burkina Faso,1952,4469979.0,Africa,31.975,543.2552413
Swaziland,1962,370006.0,Africa,44.992,1856.182125
Colombia,1997,37657830.0,Americas,70.313,6117.361746
Guinea,1997,8048834.0,Africa,51.455,869.4497668
Australia,1967,11872264.0,Oceania,71.1,14526.12465
Lebanon,2002,3677780.0,Asia,71.028,9313.93883
Zimbabwe,1967,4995432.0,Africa,53.995,569.7950712
Netherlands,2002,16122830.0,Europe,78.53,33724.75778
Jamaica,1957,1535090.0,Americas,62.61,4756.525781
Ghana,1982,11400338.0,Africa,53.744,876.032569
Djibouti,1977,228694.0,Africa,46.519,3081.761022
Montenegro,2002,720230.0,Europe,73.981,6557.194282
Denmark,1982,5117810.0,Europe,74.63,21688.04048
Indonesia,1962,99028000.0,Asia,42.518,849.2897701
Cambodia,1962,6083619.0,Asia,43.415,496.9136476
India,1997,959000000.0,Asia,61.765,1458.817442
Chile,2002,15497046.0,Americas,77.86,10778.78385
Ethiopia,1997,59861301.0,Africa,49.402,515.8894013
Slovak Republic,1962,4237384.0,Europe,70.33,7481.107598
Romania,2007,22276056.0,Europe,72.476,10808.47561
Cote d'Ivoire,1957,3300000.0,Africa,42.469,1500.895925
Singapore,1992,3235865.0,Asia,75.788,24769.8912
Uganda,1967,8900294.0,Africa,48.051,908.9185217
Rwanda,1992,7290203.0,Africa,23.599,737.0685949
Guinea-Bissau,2002,1332459.0,Africa,45.504,575.7047176
Somalia,1982,5828892.0,Africa,42.955,1176.807031
Romania,1952,16630000.0,Europe,61.05,3144.613186
Singapore,1952,1127000.0,Asia,60.396,2315.138227
Mozambique,1977,11127868.0,Africa,42.495,502.3197334
Taiwan,1967,13648692.0,Asia,67.5,2643.858681
Guatemala,1962,4208858.0,Americas,46.954,2750.364446
Hungary,1962,10063000.0,Europe,67.96,7550.359877
Philippines,1997,75012988.0,Asia,68.564,2536.534925
Gabon,1972,537977.0,Africa,48.69,11401.94841
Mexico,1982,71640904.0,Americas,67.405,9611.147541
Norway,1972,3933004.0,Europe,74.34,18965.05551
Hungary,1977,10637171.0,Europe,69.95,11674.83737
Poland,1962,30329617.0,Europe,67.64,5338.752143
Tunisia,1957,3950849.0,Africa,47.1,1395.232468
Mali,1957,4241884.0,Africa,35.307,490.3821867
Venezuela,1957,6702668.0,Americas,57.907,9802.466526
Turkey,1952,22235677.0,Europe,43.585,1969.10098
Mexico,1952,30144317.0,Americas,50.789,3478.125529
"Korea, Dem. Rep.",1957,9411381.0,Asia,54.081,1571.134655
Romania,1972,20662648.0,Europe,69.21,8011.414402
Chile,1957,7048426.0,Americas,56.074,4315.622723
Saudi Arabia,2007,27601038.0,Asia,72.777,21654.83194
Tunisia,1992,8523077.0,Africa,70.001,4332.720164
Costa Rica,2002,3834934.0,Americas,78.123,7723.447195
Libya,1957,1201578.0,Africa,45.289,3448.284395
Cameroon,1992,12467171.0,Africa,54.314,1793.163278
Rwanda,1997,7212583.0,Africa,36.087,589.9445051
Spain,1952,28549870.0,Europe,64.94,3834.034742
Venezuela,1997,22374398.0,Americas,72.146,10165.49518
Dominican Republic,1952,2491346.0,Americas,45.928,1397.717137
Vietnam,2007,85262356.0,Asia,74.249,2441.576404
Togo,1967,1735550.0,Africa,46.769,1477.59676
Burundi,1972,3529983.0,Africa,44.057,464.0995039
Mozambique,1957,7038035.0,Africa,33.779,495.5868333
Zambia,1972,4506497.0,Africa,50.107,1773.498265
Lebanon,1997,3430388.0,Asia,70.265,8754.96385
Argentina,2002,38331121.0,Americas,74.34,8797.640716
Uganda,1992,18252190.0,Africa,48.825,644.1707969
Sierra Leone,1997,4578212.0,Africa,39.897,574.6481576
Serbia,1997,10336594.0,Europe,72.232,7914.320304
Turkey,2002,67308928.0,Europe,70.845,6508.085718
Sierra Leone,1967,2662190.0,Africa,34.113,1206.043465
Cote d'Ivoire,1967,4744870.0,Africa,47.35,2052.050473
Gabon,2007,1454867.0,Africa,56.735,13206.48452
Costa Rica,1982,2424367.0,Americas,73.45,5262.734751
Djibouti,1987,311025.0,Africa,50.04,2880.102568
Pakistan,1982,91462088.0,Asia,56.158,1443.429832
Sudan,1967,12716129.0,Africa,42.858,1687.997641
Togo,2002,4977378.0,Africa,57.561,886.2205765
Finland,2002,5193039.0,Europe,78.37,28204.59057
Zimbabwe,1977,6642107.0,Africa,57.674,685.5876821
Philippines,1962,30325264.0,Asia,54.757,1649.552153
China,1972,862030000.0,Asia,63.11888,676.9000921
Spain,1982,37983310.0,Europe,76.3,13926.16997
Sao Tome and Principe,2007,199579.0,Africa,65.528,1598.435089
Guatemala,1987,7326406.0,Americas,60.782,4246.485974
Belgium,2002,10311970.0,Europe,78.32,30485.88375
Portugal,1992,9927680.0,Europe,74.86,16207.26663
Kuwait,1977,1140357.0,Asia,69.343,59265.47714
Cameroon,1977,7959865.0,Africa,49.355,1783.432873
Sudan,1987,24725960.0,Africa,51.744,1507.819159
Switzerland,2002,7361757.0,Europe,80.62,34480.95771
Burkina Faso,1972,5433886.0,Africa,43.591,854.7359763
Libya,1987,3799845.0,Africa,66.234,11770.5898
Nicaragua,1972,2182908.0,Americas,55.151,4688.593267
Spain,1992,39549438.0,Europe,77.57,18603.06452
Austria,1997,8069876.0,Europe,77.51,29095.92066
Uganda,2002,24739869.0,Africa,47.813,927.7210018
Malaysia,1957,7739235.0,Asia,52.102,1810.066992
Saudi Arabia,1957,4419650.0,Asia,42.868,8157.591248
Liberia,1957,975950.0,Africa,39.486,620.9699901
Croatia,1992,4494013.0,Europe,72.527,8447.794873
Belgium,1967,9556500.0,Europe,70.94,13149.04119
Sudan,1962,11183227.0,Africa,40.87,1959.593767
Romania,1982,22356726.0,Europe,69.66,9605.314053
Sri Lanka,1972,13016733.0,Asia,65.042,1213.39553
Gambia,1997,1235767.0,Africa,55.861,653.7301704
Thailand,2002,62806748.0,Asia,68.564,5913.187529
Malawi,1962,3628608.0,Africa,38.41,427.9010856
"Korea, Dem. Rep.",1972,14781241.0,Asia,63.983,3701.621503
Lesotho,2002,2046772.0,Africa,44.593,1275.184575
Philippines,2002,82995088.0,Asia,70.303,2650.921068
Colombia,2002,41008227.0,Americas,71.682,5755.259962
Ireland,2007,4109086.0,Europe,78.885,40675.99635
Reunion,1962,358900.0,Africa,57.666,3173.72334
Turkey,1992,58179144.0,Europe,66.146,5678.348271
Senegal,2002,10870037.0,Africa,61.6,1519.635262
Hungary,2002,10083313.0,Europe,72.59,14843.93556
Ecuador,1987,9545158.0,Americas,67.231,6481.776993
Sao Tome and Principe,1992,125911.0,Africa,62.742,1428.777814
Equatorial Guinea,2002,495627.0,Africa,49.348,7703.4959
Guatemala,1997,9803875.0,Americas,66.322,4684.313807
Reunion,1952,257700.0,Africa,52.724,2718.885295
Chile,2007,16284741.0,Americas,78.553,13171.63885
Hungary,1987,10612740.0,Europe,69.58,12986.47998
Zambia,2002,10595811.0,Africa,39.193,1071.613938
Pakistan,1952,41346560.0,Asia,43.436,684.5971438
Turkey,2007,71158647.0,Europe,71.777,8458.276384
Rwanda,1977,4657072.0,Africa,45.0,670.0806011
"Hong Kong, China",1992,5829696.0,Asia,77.601,24757.60301
Eritrea,1962,1666618.0,Africa,40.158,380.9958433
Venezuela,1962,8143375.0,Americas,60.77,8422.974165
Slovenia,1967,1646912.0,Europe,69.18,9405.489397
Greece,1992,10325429.0,Europe,77.03,17541.49634
Japan,2002,127065841.0,Asia,82.0,28604.5919
Senegal,1992,8307920.0,Africa,58.196,1367.899369
Venezuela,1972,11515649.0,Americas,65.712,10505.25966
Lebanon,1967,2186894.0,Asia,63.87,6006.983042
Mauritius,1962,701016.0,Africa,60.246,2529.067487
"Congo, Dem. Rep.",1967,19941073.0,Africa,44.056,861.5932424
Uruguay,1997,3262838.0,Americas,74.223,9230.240708
Central African Republic,1962,1523478.0,Africa,39.475,1193.068753
Jamaica,1952,1426095.0,Americas,58.53,2898.530881
Honduras,1982,3669448.0,Americas,60.909,3121.760794
Senegal,1972,4588696.0,Africa,45.815,1597.712056
West Bank and Gaza,1962,1133134.0,Asia,48.127,2198.956312
Syria,1977,7932503.0,Asia,61.195,3195.484582
Brazil,1997,168546719.0,Americas,69.388,7957.980824
Mexico,1957,35015548.0,Americas,55.19,4131.546641
Jordan,1967,1255058.0,Asia,51.629,2741.796252
Bahrain,1962,171863.0,Asia,56.923,12753.27514
Saudi Arabia,2002,24501530.0,Asia,71.626,19014.54118
United States,1972,209896000.0,Americas,71.34,21806.03594
Mongolia,2002,2674234.0,Asia,65.033,2140.739323
Argentina,1982,29341374.0,Americas,69.942,8997.897412
Romania,1992,22797027.0,Europe,69.36,6598.409903
Cambodia,1977,6978607.0,Asia,31.22,524.9721832
Belgium,1977,9821800.0,Europe,72.8,19117.97448
Oman,1967,714775.0,Asia,46.988,4720.942687
Myanmar,2002,45598081.0,Asia,59.908,611.0
Togo,1972,2056351.0,Africa,49.759,1649.660188
Brazil,1982,128962939.0,Americas,63.336,7030.835878
Ghana,1992,16278738.0,Africa,57.501,925.060154
Senegal,2007,12267493.0,Africa,63.062,1712.472136
Albania,1982,2780097.0,Europe,70.42,3630.880722
Djibouti,1967,127617.0,Africa,42.074,3020.050513
Norway,1962,3638919.0,Europe,73.47,13450.40151
Chile,1997,14599929.0,Americas,75.816,10118.05318
Sierra Leone,1992,4260884.0,Africa,38.333,1068.696278
Djibouti,1992,384156.0,Africa,51.604,2377.156192
Rwanda,1972,3992121.0,Africa,44.6,590.5806638
Portugal,2002,10433867.0,Europe,77.29,19970.90787
Algeria,1987,23254956.0,Africa,65.799,5681.358539
"Korea, Dem. Rep.",1982,17647518.0,Asia,69.1,4106.525293
Panama,1982,2036305.0,Americas,70.472,7009.601598
Burundi,2002,7021078.0,Africa,47.36,446.4035126
India,1977,634000000.0,Asia,54.208,813.337323
"Congo, Dem. Rep.",1962,17486434.0,Africa,42.122,896.3146335
Saudi Arabia,1962,4943029.0,Asia,45.914,11626.41975
Paraguay,1952,1555876.0,Americas,62.649,1952.308701
Singapore,1982,2651869.0,Asia,71.76,15169.16112
"Congo, Rep.",1977,1536769.0,Africa,55.625,3259.178978
Bosnia and Herzegovina,1967,3585000.0,Europe,64.79,2172.352423
Cote d'Ivoire,1952,2977019.0,Africa,40.477,1388.594732
Austria,2007,8199783.0,Europe,79.829,36126.4927
Argentina,1952,17876956.0,Americas,62.485,5911.315053
El Salvador,1952,2042865.0,Americas,45.262,3048.3029
Bosnia and Herzegovina,2007,4552198.0,Europe,74.852,7446.298803
Morocco,2002,31167783.0,Africa,69.615,3258.495584
Thailand,1987,52910342.0,Asia,66.084,2982.653773
Serbia,1987,9230783.0,Europe,71.218,15870.87851
Slovenia,2007,2009245.0,Europe,77.926,25768.25759
Eritrea,1992,3668440.0,Africa,49.991,582.8585102
Brazil,2007,190010647.0,Americas,72.39,9065.800825
Mozambique,1992,13160731.0,Africa,44.284,410.8968239
Iceland,1992,259012.0,Europe,78.77,25144.39201
New Zealand,1992,3437674.0,Oceania,76.33,18363.32494
France,1952,42459667.0,Europe,67.41,7029.809327
"Congo, Rep.",2002,3328795.0,Africa,52.97,3484.06197
Panama,1977,1839782.0,Americas,68.681,5351.912144
West Bank and Gaza,2002,3389578.0,Asia,72.37,4515.487575
Serbia,1962,7616060.0,Europe,64.531,6289.629157
"Korea, Dem. Rep.",2002,22215365.0,Asia,66.662,1646.758151
Senegal,1982,6147783.0,Africa,52.379,1518.479984
Jordan,1977,1937652.0,Asia,61.134,2852.351568
Canada,1967,20819767.0,Americas,72.13,16076.58803
"Hong Kong, China",1972,4115700.0,Asia,72.0,8315.928145
South Africa,2007,43997828.0,Africa,49.339,9269.657808
Comoros,1952,153936.0,Africa,40.715,1102.990936
Dominican Republic,1967,4049146.0,Americas,56.751,1653.723003
United States,1967,198712000.0,Americas,70.76,19530.36557
Iceland,1997,271192.0,Europe,78.95,28061.09966
Colombia,1992,34202721.0,Americas,68.421,5444.648617
Djibouti,2002,447416.0,Africa,53.373,1908.260867
Cote d'Ivoire,2002,16252726.0,Africa,46.832,1648.800823
Germany,1962,73739117.0,Europe,70.3,12902.46291
"Korea, Rep.",1972,33505000.0,Asia,62.612,3030.87665
Bulgaria,1957,7651254.0,Europe,66.61,3008.670727
Haiti,1987,5756203.0,Americas,53.636,1823.015995
Guatemala,2002,11178650.0,Americas,68.978,4858.347495
Lesotho,1977,1251524.0,Africa,52.208,745.3695408
Tunisia,1962,4286552.0,Africa,49.579,1660.30321
China,1992,1164970000.0,Asia,68.69,1655.784158
Liberia,1977,1703617.0,Africa,43.764,640.3224383
Egypt,1977,38783863.0,Africa,53.319,2785.493582
Nicaragua,1997,4609572.0,Americas,68.426,2253.023004
Mauritius,1982,992040.0,Africa,66.711,3688.037739
Croatia,1977,4318673.0,Europe,70.64,11305.38517
Vietnam,2002,80908147.0,Asia,73.017,1764.456677
Benin,1982,3641603.0,Africa,50.904,1277.897616
Malawi,1992,10014249.0,Africa,49.42,563.2000145
West Bank and Gaza,2007,4018332.0,Asia,73.422,3025.349798
Costa Rica,1987,2799811.0,Americas,74.752,5629.915318
Slovenia,1952,1489518.0,Europe,65.57,4215.041741
Burundi,1977,3834415.0,Africa,45.91,556.1032651
Bolivia,1992,6893451.0,Americas,59.957,2961.699694
Swaziland,1957,326741.0,Africa,43.424,1244.708364
Nigeria,2002,119901274.0,Africa,46.608,1615.286395
Reunion,2007,798094.0,Africa,76.442,7670.122558
Sierra Leone,1957,2295678.0,Africa,31.57,1004.484437
Nicaragua,1962,1590597.0,Americas,48.632,3634.364406
"Korea, Dem. Rep.",1992,20711375.0,Asia,69.978,3726.063507
Netherlands,1977,13852989.0,Europe,75.24,21209.0592
Italy,1972,54365564.0,Europe,72.19,12269.27378
Nigeria,1967,47287752.0,Africa,41.04,1014.514104
Afghanistan,2002,25268405.0,Asia,42.129,726.7340548
Madagascar,2002,16473477.0,Africa,57.286,894.6370822
Chile,1982,11487112.0,Americas,70.565,5095.665738
China,1967,754550000.0,Asia,58.38112,612.7056934
India,1972,567000000.0,Asia,50.651,724.032527
"Korea, Rep.",1982,39326000.0,Asia,67.123,5622.942464
Benin,1997,6066080.0,Africa,54.777,1232.975292
Comoros,2007,710960.0,Africa,65.152,986.1478792
Oman,1987,1593882.0,Asia,67.734,18115.22313
Guinea-Bissau,1962,627820.0,Africa,34.488,522.0343725
Iraq,1997,20775703.0,Asia,58.811,3076.239795
Trinidad and Tobago,1982,1116479.0,Americas,68.832,9119.528607
West Bank and Gaza,1987,1691210.0,Asia,67.046,5107.197384
"Korea, Dem. Rep.",2007,23301725.0,Asia,67.297,1593.06548
Trinidad and Tobago,1987,1191336.0,Americas,69.582,7388.597823
Botswana,1962,512764.0,Africa,51.52,983.6539764
Senegal,1952,2755589.0,Africa,37.278,1450.356983
Finland,1952,4090500.0,Europe,66.55,6424.519071
Philippines,1977,46850962.0,Asia,60.06,2373.204287
Greece,1997,10502372.0,Europe,77.869,18747.69814
Burkina Faso,1967,5127935.0,Africa,40.697,794.8265597
Somalia,2007,9118773.0,Africa,48.159,926.1410683
Vietnam,1977,50533506.0,Asia,55.764,713.5371196
Denmark,1962,4646899.0,Europe,72.35,13583.31351
Bangladesh,1952,46886859.0,Asia,37.484,684.2441716
Iraq,2007,27499638.0,Asia,59.545,4471.061906
Slovak Republic,2007,5447502.0,Europe,74.663,18678.31435
Botswana,1952,442308.0,Africa,47.622,851.2411407
Denmark,2007,5468120.0,Europe,78.332,35278.41874
Jordan,1997,4526235.0,Asia,69.772,3645.379572
El Salvador,1997,5783439.0,Americas,69.535,5154.825496
Venezuela,1987,17910182.0,Americas,70.19,9883.584648
Namibia,1957,548080.0,Africa,45.226,2621.448058
Somalia,1962,3080153.0,Africa,36.981,1369.488336
Nicaragua,1987,3344353.0,Americas,62.008,2955.984375
Ecuador,1967,5432424.0,Americas,56.678,4579.074215
Liberia,1952,863308.0,Africa,38.48,575.5729961
Brazil,2002,179914212.0,Americas,71.006,8131.212843
Cuba,1982,9789224.0,Americas,73.717,7316.918107
Ghana,1962,7355248.0,Africa,46.452,1190.041118
Thailand,1992,56667095.0,Asia,67.298,4616.896545
Swaziland,1982,649901.0,Africa,55.561,3895.384018
Singapore,1977,2325300.0,Asia,70.795,11210.08948
South Africa,1952,14264935.0,Africa,45.009,4725.295531
"Hong Kong, China",1997,6495918.0,Asia,80.0,28377.63219
Mauritius,1987,1042663.0,Africa,68.74,4783.586903
Iran,2002,66907826.0,Asia,69.451,9240.761975
Jordan,1972,1613551.0,Asia,56.528,2110.856309
Bolivia,2002,8445134.0,Americas,63.883,3413.26269
United Kingdom,2007,60776238.0,Europe,79.425,33203.26128
Poland,1967,31785378.0,Europe,69.61,6557.152776
Venezuela,1952,5439568.0,Americas,55.088,7689.799761
Haiti,1952,3201488.0,Americas,37.579,1840.366939
Sweden,1972,8122293.0,Europe,74.72,17832.02464
Guinea,1967,3451418.0,Africa,37.197,708.7595409
China,1982,1000281000.0,Asia,65.525,962.4213805
Montenegro,1962,474528.0,Europe,63.728,4649.593785
United States,1987,242803533.0,Americas,75.02,29884.35041
Bahrain,1972,230800.0,Asia,63.3,18268.65839
Angola,1977,6162675.0,Africa,39.483,3008.647355
Venezuela,2007,26084662.0,Americas,73.747,11415.80569
Benin,2007,8078314.0,Africa,56.728,1441.284873
Ireland,1952,2952156.0,Europe,66.91,5210.280328
Sierra Leone,2007,6144562.0,Africa,42.568,862.5407561
Vietnam,1967,39463910.0,Asia,47.838,637.1232887
Turkey,1967,33411317.0,Europe,54.336,2826.356387
Lesotho,2007,2012649.0,Africa,42.592,1569.331442
Botswana,1992,1342614.0,Africa,62.745,7954.111645
China,1962,665770000.0,Asia,44.50136,487.6740183
United States,1957,171984000.0,Americas,69.49,14847.12712
Israel,1957,1944401.0,Asia,67.84,5385.278451
Costa Rica,1952,926317.0,Americas,57.206,2627.009471
Germany,1987,77718298.0,Europe,74.847,24639.18566
Iran,1962,22874000.0,Asia,49.325,4187.329802
United Kingdom,1982,56339704.0,Europe,74.04,18232.42452
Lesotho,1967,996380.0,Africa,48.492,498.6390265
Singapore,1967,1977600.0,Asia,67.946,4977.41854
Philippines,1972,40850141.0,Asia,58.065,1989.37407
Singapore,1957,1445929.0,Asia,63.179,2843.104409
Egypt,1962,28173309.0,Africa,46.992,1693.335853
Croatia,1967,4174366.0,Europe,68.5,6960.297861
"Congo, Dem. Rep.",1997,47798986.0,Africa,42.587,312.188423
Mauritius,1957,609816.0,Africa,58.089,2034.037981
Syria,2002,17155814.0,Asia,73.053,4090.925331
Trinidad and Tobago,1972,975199.0,Americas,65.9,6619.551419
Libya,1982,3344074.0,Africa,62.155,17364.27538
Madagascar,1967,6334556.0,Africa,42.881,1634.047282
Turkey,1977,42404033.0,Europe,59.507,4269.122326
Iran,1957,19792000.0,Asia,47.181,3290.257643
"Congo, Dem. Rep.",1972,23007669.0,Africa,45.989,904.8960685
Jamaica,1982,2298309.0,Americas,71.21,6068.05135
Comoros,1982,348643.0,Africa,52.933,1267.100083
Zambia,1957,3016000.0,Africa,44.077,1311.956766
Oman,1972,829050.0,Asia,52.143,10618.03855
Taiwan,1957,10164215.0,Asia,62.4,1507.86129
Botswana,2007,1639131.0,Africa,50.728,12569.85177
Albania,1952,1282697.0,Europe,55.23,1601.056136
Brazil,1967,88049823.0,Americas,57.632,3429.864357
Honduras,1957,1770390.0,Americas,44.665,2220.487682
Central African Republic,1992,3265124.0,Africa,49.396,747.9055252
Mozambique,1997,16603334.0,Africa,46.344,472.3460771
Peru,1952,8025700.0,Americas,43.902,3758.523437
Hungary,1952,9504000.0,Europe,64.03,5263.673816
Central African Republic,1982,2476971.0,Africa,48.295,956.7529907
Uruguay,1962,2598466.0,Americas,68.253,5603.357717
Bolivia,1982,5642224.0,Americas,53.859,3156.510452
Gabon,1997,1126189.0,Africa,60.461,14722.84188
Jamaica,1962,1665128.0,Americas,65.61,5246.107524
Sao Tome and Principe,1987,110812.0,Africa,61.728,1516.525457
Namibia,1977,977026.0,Africa,56.437,3876.485958
Mongolia,1967,1149500.0,Asia,51.253,1226.04113
Gambia,1982,715523.0,Africa,45.58,835.8096108
Bolivia,1987,6156369.0,Americas,57.251,2753.69149
Switzerland,1977,6316424.0,Europe,75.39,26982.29052
France,1967,49569000.0,Europe,71.55,12999.91766
Cambodia,1992,10150094.0,Asia,55.803,682.3031755
Iran,1967,26538000.0,Asia,52.469,5906.731805
Puerto Rico,1987,3444468.0,Americas,74.63,12281.34191
Denmark,1957,4487831.0,Europe,71.81,11099.65935
"Congo, Dem. Rep.",1957,15577932.0,Africa,40.652,905.8602303
Singapore,1997,3802309.0,Asia,77.158,33519.4766
China,2007,1318683096.0,Asia,72.961,4959.114854
Panama,1957,1063506.0,Americas,59.201,2961.800905
Malaysia,1992,18319502.0,Asia,70.693,7277.912802
Kuwait,1967,575003.0,Asia,64.624,80894.88326
Turkey,1982,47328791.0,Europe,61.036,4241.356344
Indonesia,1982,153343000.0,Asia,56.159,1516.872988
Burkina Faso,1957,4713416.0,Africa,34.906,617.1834648
Dominican Republic,1992,7351181.0,Americas,68.457,3044.214214
Germany,1997,82011073.0,Europe,77.34,27788.88416
Eritrea,2007,4906585.0,Africa,58.04,641.3695236
Guatemala,1977,5703430.0,Americas,56.029,4879.992748
Serbia,1972,8313288.0,Europe,68.7,10522.06749
Tanzania,1992,26605473.0,Africa,50.44,825.682454
Afghanistan,1967,11537966.0,Asia,34.02,836.1971382
Myanmar,1997,43247867.0,Asia,60.328,415.0
Myanmar,1982,34680442.0,Asia,58.056,424.0
Egypt,2007,80264543.0,Africa,71.338,5581.180998
Comoros,1997,527982.0,Africa,60.66,1173.618235
Afghanistan,1977,14880372.0,Asia,38.438,786.11336
Cambodia,1982,7272485.0,Asia,50.957,624.4754784
Gabon,1987,880397.0,Africa,60.19,11864.40844
Mauritania,1962,1146757.0,Africa,44.248,1055.896036
Angola,1967,5247469.0,Africa,35.985,5522.776375
Gabon,1962,455661.0,Africa,40.489,6631.459222
Canada,1962,18985849.0,Americas,71.3,13462.48555
Malaysia,1952,6748378.0,Asia,48.463,1831.132894
Bolivia,1972,4565872.0,Americas,46.714,2980.331339
Syria,1982,9410494.0,Asia,64.59,3761.837715
Serbia,2007,10150265.0,Europe,74.002,9786.534714
Israel,2007,6426679.0,Asia,80.745,25523.2771
Mexico,2002,102479927.0,Americas,74.902,10742.44053
Kuwait,1997,1765345.0,Asia,76.156,40300.61996
Peru,1997,24748122.0,Americas,68.386,5838.347657
Nepal,1952,9182536.0,Asia,36.157,545.8657229
Trinidad and Tobago,1967,960155.0,Americas,65.4,5621.368472
Ghana,1977,10538093.0,Africa,51.756,993.2239571
Taiwan,1962,11918938.0,Asia,65.2,1822.879028
"Yemen, Rep.",1987,11219340.0,Asia,52.922,1971.741538
"Hong Kong, China",1957,2736300.0,Asia,64.75,3629.076457
Puerto Rico,1977,3080828.0,Americas,73.44,9770.524921
Turkey,1972,37492953.0,Europe,57.005,3450.69638
Croatia,1972,4225310.0,Europe,69.61,9164.090127
Tanzania,1962,10863958.0,Africa,44.246,722.0038073
Comoros,1962,191689.0,Africa,44.467,1406.648278
Dominican Republic,2002,8650322.0,Americas,70.847,4563.808154
Mali,1972,5828158.0,Africa,39.977,581.3688761
Comoros,1987,395114.0,Africa,54.926,1315.980812
Chile,1977,10599793.0,Americas,67.052,4756.763836
Mali,1952,3838168.0,Africa,33.685,452.3369807
Pakistan,2002,153403524.0,Asia,63.61,2092.712441
Taiwan,1972,15226039.0,Asia,69.39,4062.523897
Djibouti,1972,178848.0,Africa,44.366,3694.212352
Gambia,1957,323150.0,Africa,32.065,520.9267111
Greece,1982,9786480.0,Europe,75.24,15268.42089
"Yemen, Rep.",1957,5498090.0,Asia,33.97,804.8304547
Cote d'Ivoire,1992,12772596.0,Africa,52.044,1648.073791
Panama,1997,2734531.0,Americas,73.738,7113.692252
Kuwait,1987,1891487.0,Asia,74.174,28118.42998
Mexico,1977,63759976.0,Americas,65.032,7674.929108
Slovak Republic,2002,5410052.0,Europe,73.8,13638.77837
Japan,1982,118454974.0,Asia,77.11,19384.10571
Cambodia,2007,14131858.0,Asia,59.723,1713.778686
Poland,1957,28235346.0,Europe,65.77,4734.253019
Mozambique,1962,7788944.0,Africa,36.161,556.6863539
Nigeria,1972,53740085.0,Africa,42.821,1698.388838
Mongolia,1972,1320500.0,Asia,53.754,1421.741975
Australia,1982,15184200.0,Oceania,74.74,19477.00928
Cuba,1997,10983007.0,Americas,76.151,5431.990415
Ghana,1967,8490213.0,Africa,48.072,1125.69716
Algeria,1952,9279525.0,Africa,43.077,2449.008185
Burundi,1987,5126023.0,Africa,48.211,621.8188189
Saudi Arabia,1972,6472756.0,Asia,53.886,24837.42865
Mongolia,1992,2312802.0,Asia,61.271,1785.402016
France,1992,57374179.0,Europe,77.46,24703.79615
Madagascar,1972,7082430.0,Africa,44.851,1748.562982
"Korea, Rep.",1962,26420307.0,Asia,55.292,1536.344387
Bahrain,1957,138655.0,Asia,53.832,11635.79945
Thailand,1997,60216677.0,Asia,67.521,5852.625497
Chad,1992,6429417.0,Africa,51.724,1058.0643
New Zealand,2002,3908037.0,Oceania,79.11,23189.80135
Morocco,1962,13056604.0,Africa,47.924,1566.353493
"Korea, Rep.",1957,22611552.0,Asia,52.681,1487.593537
Thailand,2007,65068149.0,Asia,70.616,7458.396327
Guinea-Bissau,1982,825987.0,Africa,39.327,838.1239671
Pakistan,1977,78152686.0,Asia,54.043,1175.921193
Uganda,1977,11457758.0,Africa,50.35,843.7331372
Pakistan,1972,69325921.0,Asia,51.929,1049.938981
Togo,1982,2644765.0,Africa,55.471,1344.577953
Ethiopia,1957,22815614.0,Africa,36.667,378.9041632
Chad,1997,7562011.0,Africa,51.573,1004.961353
Nigeria,1997,106207839.0,Africa,47.464,1624.941275
Niger,1992,8392818.0,Africa,47.391,581.182725
Cote d'Ivoire,1962,3832408.0,Africa,44.93,1728.869428
Slovak Republic,1992,5302888.0,Europe,71.38,9498.467723
Guinea,2002,8807818.0,Africa,53.676,945.5835837
Afghanistan,1962,10267083.0,Asia,31.997,853.10071
Afghanistan,1982,12881816.0,Asia,39.854,978.0114388
Colombia,2007,44227550.0,Americas,72.889,7006.580419
Sweden,1997,8897619.0,Europe,79.39,25266.59499
"Korea, Rep.",1967,30131000.0,Asia,57.716,2029.228142
"Hong Kong, China",1977,4583700.0,Asia,73.6,11186.14125
Cote d'Ivoire,1972,6071696.0,Africa,49.801,2378.201111
"Yemen, Rep.",2002,18701257.0,Asia,60.308,2234.820827
Burundi,2007,8390505.0,Africa,49.58,430.0706916
Slovenia,1982,1861252.0,Europe,71.063,17866.72175
Algeria,1967,12760499.0,Africa,51.407,3246.991771
Philippines,2007,91077287.0,Asia,71.688,3190.481016
Finland,1997,5134406.0,Europe,77.13,23723.9502
Trinidad and Tobago,2002,1101832.0,Americas,68.976,11460.60023
Sweden,2002,8954175.0,Europe,80.04,29341.63093
Haiti,1962,3880130.0,Americas,43.59,1796.589032
Mauritania,1977,1456688.0,Africa,50.852,1497.492223
Indonesia,2002,211060000.0,Asia,68.588,2873.91287
Iceland,1987,244676.0,Europe,77.23,26923.20628
"Yemen, Rep.",1972,7407075.0,Asia,39.848,1265.047031
Guinea-Bissau,1952,580653.0,Africa,32.5,299.850319
Afghanistan,1987,13867957.0,Asia,40.822,852.3959448
Central African Republic,1972,1927260.0,Africa,43.457,1070.013275
Japan,2007,127467972.0,Asia,82.603,31656.06806
Algeria,1957,10270856.0,Africa,45.685,3013.976023
"Congo, Rep.",1952,854885.0,Africa,42.111,2125.621418
Germany,1992,80597764.0,Europe,76.07,26505.30317
Angola,2007,12420476.0,Africa,42.731,4797.231267
Puerto Rico,2007,3942491.0,Americas,78.746,19328.70901
Bangladesh,2002,135656790.0,Asia,62.013,1136.39043
Costa Rica,1957,1112300.0,Americas,60.026,2990.010802
Argentina,1987,31620918.0,Americas,70.774,9139.671389
Cameroon,2002,15929988.0,Africa,49.856,1934.011449
Burundi,1997,6121610.0,Africa,45.326,463.1151478
Benin,1952,1738315.0,Africa,38.223,1062.7522
Nepal,1987,17917180.0,Asia,52.537,775.6324501
Malaysia,1977,12845381.0,Asia,65.256,3827.921571
Japan,1957,91563009.0,Asia,65.5,4317.694365
Austria,1952,6927772.0,Europe,66.8,6137.076492
Jordan,1992,3867409.0,Asia,68.015,3431.593647
Sweden,1987,8421403.0,Europe,77.19,23586.92927
Rwanda,1952,2534927.0,Africa,40.0,493.3238752
Madagascar,1997,14165114.0,Africa,54.978,986.2958956
Angola,1997,9875024.0,Africa,40.963,2277.140884
Sri Lanka,1952,7982342.0,Asia,57.593,1083.53203
Finland,1987,4931729.0,Europe,74.83,21141.01223
Cameroon,1972,7021028.0,Africa,47.049,1684.146528
Mozambique,1972,9809596.0,Africa,40.328,724.9178037
Somalia,2002,7753310.0,Africa,45.936,882.0818218
Rwanda,1962,3051242.0,Africa,43.0,597.4730727
Morocco,1967,14770296.0,Africa,50.335,1711.04477
France,1977,53165019.0,Europe,73.83,18292.63514
Zimbabwe,1982,7636524.0,Africa,60.363,788.8550411
Rwanda,1967,3451079.0,Africa,44.1,510.9637142
Guatemala,1967,4690773.0,Americas,50.016,3242.531147
Egypt,1997,66134291.0,Africa,67.217,4173.181797
Romania,1977,21658597.0,Europe,69.46,9356.39724
Jamaica,1992,2378618.0,Americas,71.766,7404.923685
Sudan,1972,14597019.0,Africa,45.083,1659.652775
Mongolia,1962,1010280.0,Asia,48.251,1056.353958
Nicaragua,2002,5146848.0,Americas,70.836,2474.548819
Australia,1952,8691212.0,Oceania,69.12,10039.59564
West Bank and Gaza,1997,2826046.0,Asia,71.096,7110.667619
Bahrain,1992,529491.0,Asia,72.601,19035.57917
"Hong Kong, China",1982,5264500.0,Asia,75.45,14560.53051
Liberia,2002,2814651.0,Africa,43.753,531.4823679
Sudan,1952,8504667.0,Africa,38.635,1615.991129
Burkina Faso,1962,4919632.0,Africa,37.814,722.5120206
Chile,1972,9717524.0,Americas,63.441,5494.024437
Iceland,2007,301931.0,Europe,81.757,36180.78919
Libya,1967,1759224.0,Africa,50.227,18772.75169
Costa Rica,2007,4133884.0,Americas,78.782,9645.06142
Malawi,1982,6502825.0,Africa,45.642,632.8039209
Finland,1967,4605744.0,Europe,69.83,10921.63626
Tunisia,1972,5303507.0,Africa,55.602,2753.285994
Mexico,1967,47995559.0,Americas,60.11,5754.733883
"Korea, Rep.",1987,41622000.0,Asia,69.81,8533.088805
Bulgaria,1962,8012946.0,Europe,69.51,4254.337839
Oman,2007,3204897.0,Asia,75.64,22316.19287
Pakistan,1997,135564834.0,Asia,61.818,2049.350521
Belgium,1962,9218400.0,Europe,70.25,10991.20676
Slovak Republic,1997,5383010.0,Europe,72.71,12126.23065
Myanmar,1977,31528087.0,Asia,56.059,371.0
Angola,1982,7016384.0,Africa,39.942,2756.953672
Ireland,1962,2830000.0,Europe,70.29,6631.597314
Benin,1977,3168267.0,Africa,49.19,1029.161251
Burundi,1952,2445618.0,Africa,39.031,339.2964587
Uruguay,1972,2829526.0,Americas,68.673,5703.408898
Argentina,1972,24779799.0,Americas,67.065,9443.038526
Romania,1962,18680721.0,Europe,66.8,4734.997586
Gabon,1977,706367.0,Africa,52.79,21745.57328
Australia,1992,17481977.0,Oceania,77.56,23424.76683
Peru,1957,9146100.0,Americas,46.263,4245.256698
Ethiopia,1967,27860297.0,Africa,42.115,516.1186438
Sri Lanka,1967,11737396.0,Asia,64.266,1135.514326
"Congo, Dem. Rep.",1977,26480870.0,Africa,47.804,795.757282
Mauritania,1992,2119465.0,Africa,58.333,1361.369784
Bulgaria,1967,8310226.0,Europe,70.42,5577.0028
Bolivia,1977,5079716.0,Americas,50.023,3548.097832
Liberia,2007,3193942.0,Africa,45.678,414.5073415
Japan,1972,107188273.0,Asia,73.42,14778.78636
Bolivia,1952,2883315.0,Americas,40.414,2677.326347
Austria,1992,7914969.0,Europe,76.04,27042.01868
Slovak Republic,1977,4827803.0,Europe,70.45,10922.66404
Bangladesh,1997,123315288.0,Asia,59.412,972.7700352
Saudi Arabia,1992,16945857.0,Asia,68.768,24841.61777
Gabon,1957,434904.0,Africa,38.999,4976.198099
Malaysia,2002,22662365.0,Asia,73.044,10206.97794
Equatorial Guinea,1952,216964.0,Africa,34.482,375.6431231
Botswana,1997,1536536.0,Africa,52.556,8647.142313
Canada,1992,28523502.0,Americas,77.95,26342.88426
Colombia,1987,30964245.0,Americas,67.768,4903.2191
Ecuador,1962,4681707.0,Americas,54.64,4086.114078
Poland,1972,33039545.0,Europe,70.85,8006.506993
Kuwait,1982,1497494.0,Asia,71.309,31354.03573
"Congo, Dem. Rep.",2002,55379852.0,Africa,44.966,241.1658765
Peru,1992,22430449.0,Americas,66.458,4446.380924
"Korea, Rep.",1997,46173816.0,Asia,74.647,15993.52796
Bangladesh,1957,51365468.0,Asia,39.348,661.6374577
Slovak Republic,1952,3558137.0,Europe,64.36,5074.659104
"Yemen, Rep.",2007,22211743.0,Asia,62.698,2280.769906
Iraq,1977,11882916.0,Asia,60.413,14688.23507
Serbia,1957,7271135.0,Europe,61.685,4981.090891
Portugal,1982,9859650.0,Europe,72.77,11753.84291
Djibouti,1957,71851.0,Africa,37.328,2864.969076
Bangladesh,1982,93074406.0,Asia,50.009,676.9818656
Dominican Republic,1962,3453434.0,Americas,53.459,1662.137359
Austria,1962,7129864.0,Europe,69.54,10750.72111
Thailand,1952,21289402.0,Asia,50.848,757.7974177
Libya,1997,4759670.0,Africa,71.555,9467.446056
Namibia,1987,1278184.0,Africa,60.835,3693.731337
Cameroon,1952,5009067.0,Africa,38.523,1172.667655
Togo,1997,4320890.0,Africa,58.39,982.2869243
Madagascar,1982,9171477.0,Africa,48.969,1302.878658
Colombia,1962,17009885.0,Americas,57.863,2492.351109
Sweden,1967,7867931.0,Europe,74.16,15258.29697
Spain,2007,40448191.0,Europe,80.941,28821.0637
Slovenia,1972,1694510.0,Europe,69.82,12383.4862
Kenya,1992,25020539.0,Africa,59.285,1341.921721
Israel,1982,3858421.0,Asia,74.45,15367.0292
Iraq,1957,6248643.0,Asia,48.437,6229.333562
Cuba,1972,8831348.0,Americas,70.723,5305.445256
Cameroon,1987,10780667.0,Africa,54.985,2602.664206
Taiwan,2002,22454239.0,Asia,76.99,23235.42329
Trinidad and Tobago,1997,1138101.0,Americas,69.465,8792.573126
Chad,1967,3495967.0,Africa,43.601,1196.810565
Colombia,1977,25094412.0,Americas,63.837,3815.80787
Somalia,1997,6633514.0,Africa,43.795,930.5964284
Montenegro,1977,560073.0,Europe,73.066,9595.929905
Belgium,1997,10199787.0,Europe,77.53,27561.19663
Sudan,1992,28227588.0,Africa,53.556,1492.197043
Hungary,1957,9839000.0,Europe,66.41,6040.180011
Canada,1997,30305843.0,Americas,78.61,28954.92589
Portugal,1952,8526050.0,Europe,59.82,3068.319867
Philippines,1992,67185766.0,Asia,66.458,2279.324017
Australia,2007,20434176.0,Oceania,81.235,34435.36744
Bahrain,2002,656397.0,Asia,74.795,23403.55927
Netherlands,2007,16570613.0,Europe,79.762,36797.93332
Algeria,1997,29072015.0,Africa,69.152,4797.295051
Japan,1987,122091325.0,Asia,78.67,22375.94189
Portugal,1997,10156415.0,Europe,75.97,17641.03156
Spain,1997,39855442.0,Europe,78.77,20445.29896
Ecuador,1972,6298651.0,Americas,58.796,5280.99471
Ecuador,1957,4058385.0,Americas,51.356,3780.546651
Italy,1967,52667100.0,Europe,71.06,10022.40131
Indonesia,1992,184816000.0,Asia,62.681,2383.140898
Netherlands,1967,12596822.0,Europe,73.82,15363.25136
Rwanda,2007,8860588.0,Africa,46.242,863.0884639
Afghanistan,1952,8425333.0,Asia,28.801,779.4453145
